open_timestamp_utc,close_timestamp_utc,open,high,low,close,volume
1565884800,1565888399,0.7597,0.8499,0.7,0.7348,745329
1565888400,1565891999,0.7331,0.7338,0.725,0.7271,109012
1565892000,1565895599,0.7271,0.7338,0.71,0.7131,209350
1565895600,1565899199,0.7147,0.7153,0.6901,0.703,169912
1565899200,1565902799,0.7021,0.7079,0.6934,0.7026,131558
1565902800,1565906399,0.704,0.7061,0.698,0.6989,42512
1565906400,1565909999,0.7009,0.7175,0.7009,0.7102,114732
1565910000,1565913599,0.7099,0.7221,0.706,0.7067,64259
1565913600,1565917199,0.7069,0.71,0.7063,0.7063,30907
1565917200,1565920799,0.7063,0.7219,0.7049,0.705,68826
1565920800,1565924399,0.705,0.7198,0.7,0.7001,42642
1565924400,1565927999,0.7001,0.7271,0.6998,0.7231,59733
1565928000,1565931599,0.7194,0.7199,0.7087,0.7088,28671
1565931600,1565935199,0.7149,0.7149,0.6964,0.6967,167881
1565935200,1565938799,0.697,0.697,0.6888,0.69,8873
1565938800,1565942399,0.6989,0.6989,0.6821,0.6892,22406
1565942400,1565945999,0.6847,0.6994,0.6832,0.6994,19366
1565946000,1565949599,0.6994,0.7005,0.6938,0.6938,7044
1565949600,1565953199,0.6957,0.6998,0.6936,0.6975,6385
1565953200,1565956799,0.6937,0.6998,0.6809,0.6994,37679
1565956800,1565960399,0.6994,0.7017,0.6857,0.7017,21368
1565960400,1565963999,0.7022,0.7046,0.699,0.7002,5581
1565964000,1565967599,0.701,0.7016,0.6967,0.699,2099
1565967600,1565971199,0.7012,0.7015,0.6918,0.6997,122292
1565971200,1565974799,0.6997,0.6997,0.6901,0.6937,18411
1565974800,1565978399,0.6939,0.695,0.6896,0.6927,104087
1565978400,1565981999,0.6947,0.6947,0.692,0.692,8877
1565982000,1565985599,0.6919,0.76,0.6887,0.6931,132129
1565985600,1565989199,0.6931,0.6944,0.6837,0.6837,24561
1565989200,1565992799,0.6849,0.6896,0.6849,0.6866,54897
1565992800,1565996399,0.6864,0.6871,0.6827,0.6827,9971
1565996400,1565999999,0.6802,0.681,0.6763,0.677,10067
1566000000,1566003599,0.6776,0.68,0.6768,0.68,6395
1566003600,1566007199,0.68,0.7003,0.6793,0.6909,104551
1566007200,1566010799,0.6944,0.7095,0.6923,0.7095,77060
1566010800,1566014399,0.7082,0.7183,0.6986,0.7054,106032
1566014400,1566017999,0.7046,0.7051,0.7001,0.7041,12371
1566018000,1566021599,0.7022,0.7105,0.7006,0.7066,7445
1566021600,1566025199,0.702,0.7063,0.7001,0.7009,54555
1566025200,1566028799,0.7001,0.7015,0.6972,0.6996,11849
1566028800,1566032399,0.6998,0.7007,0.695,0.7007,1194
1566032400,1566035999,0.7018,0.7021,0.6977,0.6977,605
1566036000,1566039599,0.6969,0.6999,0.6925,0.6925,14618
1566039600,1566043199,0.6948,0.695,0.69,0.69,197
1566043200,1566046799,0.6874,0.6944,0.6874,0.6885,6139
1566046800,1566050399,0.6882,0.6889,0.6861,0.6867,1753
1566050400,1566053999,0.687,0.6961,0.687,0.6952,20728
1566054000,1566057599,0.6931,0.7043,0.6893,0.7015,74667
1566057600,1566061199,0.7014,0.7014,0.6954,0.6954,48687
1566061200,1566064799,0.6954,0.6954,0.6833,0.6833,37385
1566064800,1566068399,0.6827,0.687,0.6733,0.6837,84090
1566068400,1566071999,0.6847,0.6857,0.6817,0.6817,4145
1566072000,1566075599,0.6774,0.6787,0.675,0.676,5302
1566075600,1566079199,0.6783,0.6804,0.6766,0.6792,3886
1566079200,1566082799,0.6766,0.6791,0.676,0.6791,6732
1566082800,1566086399,0.679,0.6842,0.6776,0.6842,14184
1566086400,1566089999,0.6842,0.6877,0.6812,0.6812,2622
1566090000,1566093599,0.6813,0.683,0.6813,0.683,6755
1566093600,1566097199,0.6842,0.6842,0.6824,0.6824,2819
1566097200,1566100799,0.6824,0.6824,0.6783,0.6783,14446
1566100800,1566104399,0.6756,0.6877,0.6746,0.6824,54689
1566104400,1566107999,0.6801,0.6832,0.6765,0.6783,12917
1566108000,1566111599,0.6816,0.6823,0.6741,0.6741,13910
1566111600,1566115199,0.6759,0.6759,0.6664,0.667,28773
1566115200,1566118799,0.667,0.6698,0.6667,0.6682,4123
1566118800,1566122399,0.6673,0.6747,0.6673,0.6719,5514
1566122400,1566125999,0.6743,0.681,0.6726,0.6759,10481
1566126000,1566129599,0.672,0.672,0.6658,0.6715,11074
1566129600,1566133199,0.6725,0.6763,0.67,0.6753,1047
1566133200,1566136799,0.6755,0.6809,0.6734,0.68,19163
1566136800,1566140399,0.68,0.68,0.6744,0.6789,24084
1566140400,1566143999,0.6784,0.6825,0.6777,0.6825,10278
1566144000,1566147599,0.6849,0.6849,0.6744,0.6744,42279
1566147600,1566151199,0.6796,0.6847,0.6796,0.683,2832
1566151200,1566154799,0.684,0.695,0.684,0.6913,30318
1566154800,1566158399,0.6939,0.6968,0.692,0.695,19763
1566158400,1566161999,0.695,0.695,0.6857,0.6888,10964
1566162000,1566165599,0.6853,0.6867,0.6806,0.6867,3495
1566165600,1566169199,0.686,0.686,0.6687,0.6728,69689
1566169200,1566172799,0.6751,0.6795,0.6735,0.6769,20605
1566172800,1566176399,0.6748,0.6748,0.6715,0.6726,8567
1566176400,1566179999,0.6723,0.6751,0.6723,0.6751,2011
1566180000,1566183599,0.6752,0.6766,0.6506,0.6715,72041
1566183600,1566187199,0.6698,0.6698,0.6641,0.6694,8966
1566187200,1566190799,0.6669,0.6743,0.6645,0.6645,5861
1566190800,1566194399,0.6645,0.6645,0.6645,0.6645,9483
1566194400,1566197999,0.6645,0.6716,0.6624,0.6716,24884
1566198000,1566201599,0.673,0.6738,0.6622,0.6667,66400
1566201600,1566205199,0.665,0.6654,0.6623,0.6654,2694
1566205200,1566208799,0.6623,0.663,0.6618,0.6623,6655
1566208800,1566212399,0.664,0.6648,0.663,0.663,4082
1566212400,1566215999,0.663,0.6677,0.6602,0.6641,44161
1566216000,1566219599,0.6711,0.6715,0.6669,0.667,6656
1566219600,1566223199,0.6677,0.6733,0.6677,0.672,957
1566223200,1566226799,0.6706,0.6706,0.6643,0.6671,50090
1566226800,1566230399,0.6681,0.67,0.6645,0.67,35284
1566230400,1566233999,0.668,0.6698,0.663,0.6687,20484
1566234000,1566237599,0.6699,0.6722,0.6667,0.6667,22073
1566237600,1566241199,0.6667,0.6673,0.66,0.66,73031
1566241200,1566244799,0.66,0.6642,0.6567,0.6567,126171
1566244800,1566248399,0.6561,0.6624,0.6561,0.6624,18850
1566248400,1566251999,0.6617,0.6665,0.6617,0.6642,22302
1566252000,1566255599,0.6623,0.6623,0.657,0.657,25155
1566255600,1566259199,0.6564,0.6601,0.6545,0.6548,10327
1566259200,1566262799,0.6548,0.6548,0.6465,0.6506,17889
1566262800,1566266399,0.6506,0.6515,0.6473,0.6515,51596
1566266400,1566269999,0.6515,0.6574,0.6466,0.6574,26625
1566270000,1566273599,0.6529,0.653,0.6464,0.6501,4695
1566273600,1566277199,0.6535,0.6549,0.6497,0.6516,5971
1566277200,1566280799,0.6512,0.6512,0.6477,0.6477,16804
1566280800,1566284399,0.649,0.6516,0.6477,0.6493,4438
1566288000,1566291599,0.6465,0.6465,0.6119,0.619,66322
1566291600,1566295199,0.6142,0.6235,0.6076,0.6185,109784
1566295200,1566298799,0.6205,0.6205,0.6034,0.6041,36166
1566298800,1566302399,0.6041,0.6134,0.6041,0.6134,27744
1566302400,1566305999,0.6076,0.6111,0.605,0.6111,13157
1566306000,1566309599,0.6115,0.6378,0.6066,0.6306,55231
1566309600,1566313199,0.6295,0.6512,0.6222,0.6272,105698
1566313200,1566316799,0.627,0.627,0.6137,0.6219,35356
1566316800,1566320399,0.6268,0.6274,0.614,0.617,25402
1566320400,1566323999,0.6199,0.6234,0.6199,0.6206,25100
1566324000,1566327599,0.6213,0.6253,0.6207,0.6223,21713
1566327600,1566331199,0.6223,0.6223,0.6191,0.6191,11418
1566331200,1566334799,0.6185,0.6385,0.6174,0.6385,45158
1566334800,1566338399,0.6385,0.67,0.6301,0.6301,100613
1566338400,1566341999,0.6302,0.6307,0.6272,0.6272,38658
1566342000,1566345599,0.6253,0.6253,0.625,0.625,469
1566345600,1566349199,0.6258,0.6274,0.6184,0.6197,27290
1566349200,1566352799,0.6191,0.6191,0.61,0.6149,40485
1566352800,1566356399,0.6128,0.615,0.608,0.6094,21953
1566356400,1566359999,0.6086,0.6121,0.5773,0.5802,92087
1566360000,1566363599,0.5821,0.5867,0.57,0.57,64351
1566363600,1566367199,0.5698,0.5808,0.5698,0.5798,48016
1566367200,1566370799,0.5866,0.5882,0.5748,0.5867,9076
1566370800,1566374399,0.5871,0.5887,0.5871,0.5887,3542
1566374400,1566377999,0.5873,0.597,0.5873,0.597,1803
1566378000,1566381599,0.6034,0.6036,0.6029,0.6036,2526
1566381600,1566385199,0.599,0.599,0.5858,0.5858,11913
1566385200,1566388799,0.5845,0.59,0.583,0.59,1503
1566388800,1566392399,0.5868,0.5868,0.5639,0.5685,81924
1566392400,1566395999,0.5695,0.5843,0.5695,0.5713,18141
1566396000,1566399599,0.5739,0.5799,0.5714,0.5749,46123
1566399600,1566403199,0.5752,0.5802,0.5752,0.5792,1892
1566403200,1566406799,0.5769,0.5828,0.5706,0.5746,31961
1566406800,1566410399,0.574,0.574,0.5681,0.5697,33379
1566410400,1566413999,0.5707,0.5737,0.5652,0.572,43511
1566414000,1566417599,0.5706,0.5712,0.5702,0.571,3321
1566417600,1566421199,0.571,0.571,0.565,0.5695,21715
1566421200,1566424799,0.5698,0.5703,0.5682,0.5682,7221
1566424800,1566428399,0.566,0.5661,0.56,0.5626,70537
1566428400,1566431999,0.5646,0.5684,0.5602,0.5602,71892
1566432000,1566435599,0.5646,0.5646,0.5628,0.5628,7531
1566435600,1566439199,0.5623,0.5623,0.5329,0.5357,55934
1566439200,1566442799,0.5321,0.55,0.5321,0.5414,103092
1566442800,1566446399,0.5388,0.5393,0.534,0.5392,24211
1566446400,1566449999,0.5412,0.5459,0.5412,0.5459,13673
1566450000,1566453599,0.5439,0.5439,0.5439,0.5439,33
1566453600,1566457199,0.5461,0.5468,0.5385,0.5401,3484
1566457200,1566460799,0.5394,0.5402,0.5394,0.5402,3993
1566460800,1566464399,0.5378,0.5378,0.5329,0.5329,4216
1566464400,1566467999,0.5349,0.5428,0.5349,0.5428,503
1566468000,1566471599,0.5454,0.5509,0.5453,0.55,18159
1566471600,1566475199,0.55,0.5539,0.5482,0.5501,108554
1566475200,1566478799,0.5491,0.5565,0.5491,0.5565,20709
1566478800,1566482399,0.5561,0.5576,0.5555,0.5576,25264
1566482400,1566485999,0.5554,0.5775,0.5553,0.5775,31119
1566486000,1566489599,0.5803,0.5847,0.5703,0.5753,67014
1566489600,1566493199,0.581,0.5922,0.5765,0.5826,54868
1566493200,1566496799,0.5848,0.5866,0.5776,0.5866,47303
1566496800,1566500399,0.5849,0.5853,0.5742,0.575,33557
1566500400,1566503999,0.574,0.575,0.57,0.57,2111
1566504000,1566507599,0.5709,0.575,0.5697,0.575,9918
1566507600,1566511199,0.5749,0.5775,0.568,0.5747,42556
1566511200,1566514799,0.5813,0.5832,0.5753,0.5753,3269
1566514800,1566518399,0.5759,0.5769,0.5684,0.5742,16953
1566518400,1566521999,0.5729,0.5729,0.5427,0.5584,33977
1566522000,1566525599,0.5582,0.5615,0.5554,0.5615,7900
1566525600,1566529199,0.5618,0.5618,0.5561,0.5569,218
1566529200,1566532799,0.5578,0.5578,0.5503,0.557,18643
1566532800,1566536399,0.5581,0.5656,0.5581,0.5656,9112
1566536400,1566539999,0.564,0.564,0.56,0.56,3066
1566540000,1566543599,0.5623,0.5676,0.5623,0.5661,825
1566543600,1566547199,0.568,0.5727,0.5668,0.5726,2453
1566547200,1566550799,0.5688,0.581,0.5688,0.5759,4366
1566550800,1566554399,0.5783,0.5865,0.5752,0.5797,21206
1566554400,1566557999,0.5808,0.5808,0.5727,0.5732,1136
1566561600,1566565199,0.5744,0.5801,0.5727,0.5727,3652
1566565200,1566568799,0.5728,0.5843,0.565,0.5712,57660
1566568800,1566572399,0.5706,0.5719,0.5638,0.5675,53580
1566572400,1566575999,0.568,0.572,0.5665,0.572,9863
1566576000,1566579599,0.5726,0.5768,0.5708,0.5708,3170
1566579600,1566583199,0.5705,0.5742,0.57,0.5742,4971
1566583200,1566586799,0.5701,0.5743,0.57,0.5743,34860
1566586800,1566590399,0.5743,0.5915,0.5743,0.5915,46727
1566590400,1566593999,0.5878,0.5878,0.57,0.5746,14723
1566594000,1566597599,0.5736,0.5787,0.5736,0.5755,10995
1566597600,1566601199,0.57,0.5733,0.57,0.5723,25873
1566601200,1566604799,0.5721,0.5796,0.5721,0.5755,8970
1566604800,1566608399,0.5783,0.5783,0.5741,0.5741,402
1566608400,1566611999,0.5727,0.5729,0.5725,0.5725,949
1566612000,1566615599,0.5717,0.5738,0.57,0.5727,3702
1566615600,1566619199,0.573,0.5747,0.573,0.5747,10674
1566622800,1566626399,0.5746,0.5799,0.5742,0.5742,3572
1566626400,1566629999,0.573,0.573,0.5724,0.5724,507
1566630000,1566633599,0.5704,0.5711,0.57,0.57,55109
1566633600,1566637199,0.57,0.57,0.5501,0.5501,13198
1566637200,1566640799,0.5501,0.5562,0.5435,0.5562,19395
1566640800,1566644399,0.5589,0.5599,0.5561,0.5561,534
1566644400,1566647999,0.5598,0.5599,0.5569,0.5569,3238
1566648000,1566651599,0.5565,0.5565,0.5516,0.5516,17632
1566651600,1566655199,0.5539,0.5547,0.5539,0.5544,1441
1566655200,1566658799,0.5553,0.5567,0.5552,0.5567,1863
1566658800,1566662399,0.5599,0.5599,0.5599,0.5599,25804
1566662400,1566665999,0.5607,0.5637,0.5575,0.5637,11137
1566666000,1566669599,0.5642,0.5708,0.5642,0.5659,774
1566669600,1566673199,0.5695,0.5695,0.5667,0.5672,4442
1566673200,1566676799,0.5692,0.5692,0.5665,0.5665,4308
1566676800,1566680399,0.5667,0.5683,0.5647,0.5647,12871
1566680400,1566683999,0.5649,0.576,0.5645,0.576,18773
1566684000,1566687599,0.577,0.5785,0.569,0.5728,5823
1566687600,1566691199,0.5753,0.5791,0.5753,0.5791,3735
1566691200,1566694799,0.5782,0.5815,0.5778,0.5806,28389
1566694800,1566698399,0.5775,0.5777,0.5771,0.5772,3476
1566698400,1566701999,0.5781,0.5802,0.5749,0.5749,1219
1566702000,1566705599,0.5733,0.5733,0.5732,0.5732,108
1566705600,1566709199,0.5699,0.5731,0.5695,0.5731,4986
1566712800,1566716399,0.5739,0.5767,0.5702,0.5748,22134
1566716400,1566719999,0.5723,0.5723,0.5678,0.5678,11377
1566720000,1566723599,0.5712,0.5712,0.5705,0.5705,1987
1566723600,1566727199,0.5696,0.5696,0.5696,0.5696,772
1566727200,1566730799,0.5718,0.5718,0.5677,0.5677,291
1566730800,1566734399,0.5653,0.5653,0.5642,0.5642,5536
1566734400,1566737999,0.564,0.564,0.5624,0.5624,21
1566738000,1566741599,0.5624,0.5624,0.5534,0.5613,15035
1566741600,1566745199,0.5623,0.567,0.5546,0.5546,10133
1566745200,1566748799,0.5554,0.5554,0.5511,0.5512,1492
1566752400,1566755999,0.5537,0.5568,0.5537,0.5568,562
1566756000,1566759599,0.5552,0.5571,0.5552,0.5553,7171
1566759600,1566763199,0.5539,0.5548,0.5532,0.5532,3858
1566763200,1566766799,0.5529,0.5534,0.5495,0.5495,22668
1566766800,1566770399,0.549,0.5496,0.5345,0.5424,17962
1566770400,1566773999,0.541,0.5419,0.5394,0.5415,7240
1566774000,1566777599,0.5393,0.5413,0.5323,0.5378,9596
1566777600,1566781199,0.5378,0.5789,0.5378,0.5504,91312
1566781200,1566784799,0.5504,0.552,0.5486,0.552,6755
1566784800,1566788399,0.5531,0.5531,0.5475,0.5475,2459
1566788400,1566791999,0.5462,0.5478,0.5431,0.5468,5932
1566792000,1566795599,0.5489,0.5567,0.548,0.5548,7711
1566795600,1566799199,0.556,0.5599,0.556,0.5599,12507
1566802800,1566806399,0.5544,0.5544,0.5429,0.5429,3877
1566806400,1566809999,0.5436,0.5467,0.5436,0.5465,2254
1566810000,1566813599,0.5466,0.5466,0.5466,0.5466,780
1566813600,1566817199,0.5465,0.5465,0.54,0.5453,3156
1566817200,1566820799,0.5479,0.5479,0.5394,0.54,4052
1566820800,1566824399,0.5394,0.5394,0.5321,0.5339,26459
1566824400,1566827999,0.5339,0.5406,0.5316,0.5316,8253
1566828000,1566831599,0.5333,0.5429,0.5333,0.5379,14514
1566831600,1566835199,0.5365,0.5391,0.5358,0.5358,5513
1566835200,1566838799,0.536,0.5379,0.5298,0.5298,14989
1566838800,1566842399,0.53,0.5324,0.5271,0.5273,43289
1566842400,1566845999,0.5276,0.5292,0.5263,0.5281,15622
1566846000,1566849599,0.5288,0.529,0.5281,0.5282,680
1566849600,1566853199,0.5287,0.5305,0.5275,0.5291,5686
1566853200,1566856799,0.5264,0.5264,0.526,0.526,2865
1566856800,1566860399,0.531,0.531,0.5228,0.5245,10799
1566860400,1566863999,0.5245,0.5305,0.5201,0.5201,26644
1566864000,1566867599,0.5201,0.5264,0.52,0.5236,19061
1566867600,1566871199,0.5237,0.5237,0.5212,0.5212,3150
1566871200,1566874799,0.5203,0.5203,0.5157,0.5157,40289
1566874800,1566878399,0.5156,0.5156,0.51,0.5116,30690
1566878400,1566881999,0.5166,0.5185,0.5162,0.5162,1038
1566882000,1566885599,0.5201,0.5249,0.5201,0.5249,13240
1566885600,1566889199,0.5211,0.5227,0.5168,0.5227,51349
1566889200,1566892799,0.5197,0.5197,0.5197,0.5197,21
1566892800,1566896399,0.5237,0.5249,0.5237,0.5249,1979
1566896400,1566899999,0.527,0.5271,0.5269,0.5271,2179
1566900000,1566903599,0.529,0.5304,0.5271,0.5304,9538
1566903600,1566907199,0.5302,0.5395,0.5302,0.5379,48573
1566907200,1566910799,0.5302,0.537,0.53,0.537,5049
1566910800,1566914399,0.54,0.547,0.54,0.547,21878
1566914400,1566917999,0.5422,0.5455,0.5422,0.5422,3606
1566918000,1566921599,0.5422,0.5422,0.5386,0.5396,11176
1566921600,1566925199,0.5385,0.5385,0.5294,0.5294,23716
1566925200,1566928799,0.5294,0.5294,0.5284,0.5286,7134
1566928800,1566932399,0.5286,0.5332,0.5246,0.53,20113
1566932400,1566935999,0.5289,0.5289,0.5289,0.5289,7356
1566936000,1566939599,0.5302,0.5306,0.5285,0.5306,1345
1566943200,1566946799,0.5291,0.5291,0.5218,0.5219,23183
1566946800,1566950399,0.5218,0.522,0.5185,0.5185,8689
1566950400,1566953999,0.527,0.5286,0.527,0.5286,51
1566954000,1566957599,0.5284,0.5295,0.5209,0.5209,8578
1566957600,1566961199,0.5208,0.5245,0.5208,0.5245,918
1566961200,1566964799,0.5245,0.5245,0.5143,0.5164,5596
1566964800,1566968399,0.5132,0.5148,0.5118,0.5118,6116
1566968400,1566971999,0.5114,0.5171,0.51,0.5171,16818
1566972000,1566975599,0.5212,0.5212,0.5211,0.5211,13238
1566979200,1566982799,0.5192,0.5192,0.5156,0.5156,2150
1566990000,1566993599,0.5181,0.5285,0.5181,0.5262,4659
1566993600,1566997199,0.5279,0.5279,0.5185,0.5185,4913
1566997200,1567000799,0.5208,0.5208,0.5205,0.5205,1963
1567000800,1567004399,0.5249,0.5289,0.5249,0.5275,2549
1567004400,1567007999,0.5247,0.5247,0.5213,0.5233,27789
1567008000,1567011599,0.5234,0.5234,0.5203,0.5234,4541
1567011600,1567015199,0.5258,0.5355,0.5236,0.5236,10904
1567015200,1567018799,0.5236,0.5236,0.473,0.4814,358073
1567018800,1567022399,0.4802,0.486,0.4802,0.4827,5428
1567022400,1567025999,0.4822,0.4838,0.481,0.481,16472
1567026000,1567029599,0.4784,0.4784,0.4225,0.4544,287792
1567029600,1567033199,0.4544,0.4634,0.4517,0.4634,142859
1567033200,1567036799,0.456,0.4758,0.4292,0.4358,288122
1567036800,1567040399,0.436,0.4427,0.4282,0.4427,104884
1567040400,1567043999,0.4413,0.4463,0.435,0.435,57237
1567044000,1567047599,0.4356,0.449,0.4356,0.4385,54603
1567047600,1567051199,0.4387,0.4387,0.4311,0.4376,20467
1567051200,1567054799,0.4395,0.4395,0.428,0.4329,30645
1567054800,1567058399,0.4353,0.4371,0.4332,0.4342,20011
1567058400,1567061999,0.4315,0.4335,0.4303,0.4309,8167
1567062000,1567065599,0.431,0.433,0.415,0.42,33888
1567065600,1567069199,0.4236,0.4322,0.4236,0.4322,14774
1567069200,1567072799,0.4309,0.4309,0.4297,0.4297,1159
1567072800,1567076399,0.4334,0.4334,0.43,0.43,677
1567076400,1567079999,0.4326,0.4328,0.432,0.4325,5966
1567080000,1567083599,0.4305,0.4336,0.4279,0.4306,31851
1567083600,1567087199,0.4292,0.4301,0.4284,0.4301,122
1567087200,1567090799,0.4289,0.4289,0.422,0.422,282
1567090800,1567094399,0.4256,0.4304,0.4244,0.4257,54819
1567094400,1567097999,0.4266,0.4282,0.4236,0.4259,17107
1567098000,1567101599,0.425,0.4271,0.4235,0.4271,35198
1567101600,1567105199,0.4273,0.4283,0.425,0.425,37324
1567105200,1567108799,0.4251,0.4263,0.4172,0.4187,25528
1567112400,1567115999,0.4215,0.422,0.4151,0.4151,6863
1567116000,1567119599,0.415,0.415,0.3981,0.4001,70982
1567119600,1567123199,0.4002,0.4014,0.3901,0.4014,69867
1567123200,1567126799,0.4013,0.4079,0.3977,0.4075,21144
1567126800,1567130399,0.4075,0.4093,0.4011,0.4011,18398
1567130400,1567133999,0.4011,0.4091,0.4011,0.4059,46085
1567134000,1567137599,0.406,0.4076,0.4056,0.4073,17620
1567137600,1567141199,0.405,0.405,0.4011,0.4037,7656
1567141200,1567144799,0.4012,0.4012,0.4012,0.4012,463
1567144800,1567148399,0.4011,0.4011,0.4,0.4,10710
1567148400,1567151999,0.4,0.4,0.3971,0.3979,5340
1567152000,1567155599,0.4032,0.4078,0.4032,0.4077,46570
1567155600,1567159199,0.4066,0.4154,0.4064,0.4146,71784
1567159200,1567162799,0.4164,0.4164,0.4113,0.4139,1081
1567162800,1567166399,0.412,0.4204,0.4104,0.4204,17742
1567166400,1567169999,0.418,0.4205,0.418,0.4205,559
1567170000,1567173599,0.4205,0.4205,0.4175,0.4175,12331
1567173600,1567177199,0.4174,0.4174,0.4134,0.4134,2859
1567177200,1567180799,0.4133,0.4133,0.4101,0.4101,2054
1567180800,1567184399,0.4198,0.422,0.4175,0.4201,18353
1567184400,1567187999,0.4217,0.4221,0.417,0.417,13251
1567188000,1567191599,0.417,0.4196,0.417,0.417,27671
1567191600,1567195199,0.417,0.417,0.413,0.4153,73657
1567195200,1567198799,0.4162,0.4162,0.4144,0.4144,17986
1567198800,1567202399,0.4144,0.4199,0.4144,0.419,31137
1567202400,1567205999,0.4212,0.4245,0.4212,0.4241,7408
1567206000,1567209599,0.4198,0.4198,0.4198,0.4198,1161
1567209600,1567213199,0.4199,0.4208,0.4199,0.4208,89
1567213200,1567216799,0.4208,0.4242,0.4181,0.4241,16060
1567216800,1567220399,0.4241,0.4316,0.4198,0.4217,65756
1567220400,1567223999,0.4235,0.4258,0.4228,0.4258,30895
1567224000,1567227599,0.4253,0.4253,0.4186,0.4186,7964
1567231200,1567234799,0.418,0.4213,0.4166,0.4212,24743
1567234800,1567238399,0.4193,0.4193,0.4171,0.4171,3575
1567242000,1567245599,0.4151,0.4151,0.4137,0.4137,833
1567249200,1567252799,0.4188,0.4191,0.4178,0.4179,1401
1567252800,1567256399,0.4177,0.4177,0.4161,0.4162,8678
1567256400,1567259999,0.4163,0.4186,0.4156,0.4178,52912
1567260000,1567263599,0.4158,0.4158,0.408,0.408,20150
1567263600,1567267199,0.4117,0.4139,0.4117,0.4139,9248
1567267200,1567270799,0.41,0.4131,0.41,0.4131,27
1567270800,1567274399,0.4117,0.4117,0.4113,0.4113,5001
1567274400,1567277999,0.4074,0.4085,0.405,0.4085,1904
1567281600,1567285199,0.4105,0.4105,0.397,0.397,25161
1567285200,1567288799,0.397,0.4056,0.397,0.4056,28878
1567288800,1567292399,0.4083,0.4125,0.4083,0.4125,5345
1567292400,1567295999,0.4097,0.4098,0.4085,0.4085,3154
1567296000,1567299599,0.4077,0.414,0.4076,0.4076,33473
1567299600,1567303199,0.4094,0.4166,0.4094,0.4155,8772
1567310400,1567313999,0.4099,0.414,0.406,0.406,34981
1567314000,1567317599,0.4093,0.4093,0.4076,0.4076,215
1567317600,1567321199,0.4127,0.4127,0.4083,0.4083,2973
1567324800,1567328399,0.4077,0.4077,0.405,0.405,27011
1567328400,1567331999,0.4048,0.4048,0.4011,0.4027,29689
1567332000,1567335599,0.401,0.401,0.3932,0.4003,10942
1567335600,1567339199,0.3993,0.3993,0.3987,0.3987,21
1567339200,1567342799,0.395,0.395,0.39,0.3905,29920
1567342800,1567346399,0.3904,0.3907,0.3898,0.3898,2734
1567346400,1567349999,0.392,0.3941,0.3907,0.3941,4914
1567350000,1567353599,0.3941,0.3946,0.3929,0.3929,1554
1567353600,1567357199,0.3919,0.3919,0.3854,0.3877,8886
1567357200,1567360799,0.3877,0.3877,0.3823,0.3823,10212
1567360800,1567364399,0.3803,0.3868,0.3803,0.3853,1892
1567364400,1567367999,0.3862,0.3885,0.3862,0.3868,14473
1567368000,1567371599,0.388,0.3958,0.388,0.3958,26373
1567371600,1567375199,0.3961,0.3996,0.3919,0.3945,66370
1567375200,1567378799,0.397,0.3977,0.3927,0.3927,19251
1567378800,1567382399,0.3928,0.3928,0.3903,0.3903,2
1567382400,1567385999,0.3887,0.3889,0.3836,0.3873,4807
1567386000,1567389599,0.3919,0.3919,0.3885,0.3885,440
1567389600,1567393199,0.3872,0.39,0.3827,0.39,25737
1567393200,1567396799,0.3905,0.391,0.385,0.385,29021
1567396800,1567400399,0.3845,0.3845,0.3806,0.3827,16776
1567400400,1567403999,0.383,0.383,0.383,0.383,65
1567404000,1567407599,0.3806,0.3921,0.3806,0.3871,17350
1567407600,1567411199,0.3861,0.3877,0.3861,0.3877,618
1567411200,1567414799,0.3841,0.3841,0.38,0.38,3825
1567414800,1567418399,0.3769,0.3894,0.376,0.3869,15140
1567422000,1567425599,0.387,0.3884,0.387,0.3884,2295
1567425600,1567429199,0.3861,0.3861,0.3837,0.3843,3797
1567429200,1567432799,0.3855,0.3881,0.3842,0.3842,1473
1567432800,1567436399,0.3844,0.3924,0.3844,0.3853,51549
1567436400,1567439999,0.3875,0.3924,0.387,0.387,36165
1567440000,1567443599,0.387,0.387,0.38,0.38,34966
1567443600,1567447199,0.3838,0.3838,0.3771,0.3815,61232
1567447200,1567450799,0.3806,0.3843,0.3806,0.3843,4291
1567450800,1567454399,0.3849,0.3907,0.3848,0.3886,36883
1567454400,1567457999,0.3891,0.3998,0.389,0.3909,107094
1567461600,1567465199,0.3905,0.3912,0.3871,0.391,61400
1567465200,1567468799,0.3878,0.3942,0.3875,0.3942,7173
1567468800,1567472399,0.3961,0.405,0.3953,0.4049,83321
1567472400,1567475999,0.405,0.4051,0.395,0.395,25101
1567476000,1567479599,0.3945,0.3945,0.3855,0.3888,20900
1567479600,1567483199,0.3888,0.3903,0.3888,0.3903,1454
1567483200,1567486799,0.3926,0.3945,0.3908,0.3908,9040
1567486800,1567490399,0.3907,0.3924,0.3907,0.3924,334
1567490400,1567493999,0.3908,0.3915,0.3891,0.3891,3954
1567494000,1567497599,0.3891,0.3891,0.3863,0.3863,2448
1567497600,1567501199,0.3884,0.3887,0.3869,0.3869,715
1567501200,1567504799,0.3868,0.3868,0.3855,0.3855,6116
1567508400,1567511999,0.3858,0.3876,0.3858,0.3876,8449
1567512000,1567515599,0.388,0.3905,0.3849,0.3849,7188
1567515600,1567519199,0.3836,0.3857,0.3834,0.3856,9452
1567519200,1567522799,0.3833,0.3862,0.3828,0.3846,7107
1567522800,1567526399,0.3847,0.3847,0.3827,0.3845,7720
1567526400,1567529999,0.3848,0.3848,0.3848,0.3848,259
1567530000,1567533599,0.3832,0.3841,0.3832,0.3841,2114
1567533600,1567537199,0.3844,0.3845,0.3844,0.3845,3638
1567540800,1567544399,0.3832,0.384,0.3828,0.3835,4891
1567544400,1567547999,0.381,0.381,0.3733,0.3769,19858
1567548000,1567551599,0.373,0.3751,0.3677,0.3696,72663
1567551600,1567555199,0.3696,0.3701,0.365,0.368,27895
1567555200,1567558799,0.3678,0.3678,0.3642,0.3642,13455
1567558800,1567562399,0.365,0.3657,0.3625,0.3657,30007
1567562400,1567565999,0.3669,0.3682,0.364,0.3673,41410
1567566000,1567569599,0.369,0.3693,0.3641,0.3641,16637
1567569600,1567573199,0.3621,0.363,0.3569,0.36,50532
1567573200,1567576799,0.361,0.363,0.361,0.363,509
1567576800,1567580399,0.363,0.363,0.3612,0.3612,1627
1567580400,1567583999,0.3594,0.3614,0.3594,0.3614,240
1567584000,1567587599,0.3625,0.3651,0.3625,0.3651,132
1567594800,1567598399,0.3611,0.3632,0.3587,0.3594,59958
1567598400,1567601999,0.3599,0.3643,0.3599,0.361,1892
1567602000,1567605599,0.3612,0.3616,0.3599,0.3616,789
1567605600,1567609199,0.3596,0.3602,0.3576,0.3599,12031
1567609200,1567612799,0.3599,0.36,0.3598,0.3599,14426
1567612800,1567616399,0.361,0.3633,0.3599,0.363,17971
1567616400,1567619999,0.3612,0.3637,0.3603,0.3637,41297
1567620000,1567623599,0.3622,0.3622,0.3605,0.3605,4189
1567623600,1567627199,0.3593,0.3623,0.3593,0.3615,9977
1567627200,1567630799,0.3594,0.3594,0.345,0.345,129341
1567630800,1567634399,0.3451,0.3515,0.3451,0.3512,35056
1567634400,1567637999,0.347,0.3478,0.3468,0.3476,6818
1567638000,1567641599,0.3495,0.3514,0.3463,0.3463,11869
1567641600,1567645199,0.3485,0.3515,0.3476,0.3514,5805
1567645200,1567648799,0.3515,0.3535,0.3515,0.3518,45783
1567648800,1567652399,0.3539,0.3541,0.351,0.3515,33398
1567656000,1567659599,0.3514,0.3586,0.3514,0.3546,47107
1567659600,1567663199,0.3559,0.3559,0.3559,0.3559,6
1567663200,1567666799,0.354,0.354,0.3472,0.3493,18297
1567666800,1567670399,0.3494,0.3494,0.3478,0.3478,65
1567670400,1567673999,0.3491,0.3514,0.3491,0.3514,12542
1567674000,1567677599,0.3516,0.3524,0.3516,0.3521,186
1567677600,1567681199,0.348,0.3483,0.3447,0.3447,15246
1567681200,1567684799,0.347,0.3471,0.347,0.3471,129
1567684800,1567688399,0.3442,0.3442,0.34,0.3407,35462
1567688400,1567691999,0.34,0.3447,0.34,0.3439,15189
1567692000,1567695599,0.345,0.345,0.34,0.34,28496
1567695600,1567699199,0.3401,0.3401,0.34,0.34,12087
1567699200,1567702799,0.3409,0.3654,0.3409,0.3609,144343
1567702800,1567706399,0.3601,0.3899,0.3601,0.3769,291414
1567706400,1567709999,0.3757,0.3777,0.363,0.3707,45539
1567710000,1567713599,0.3709,0.3774,0.3553,0.3553,151112
1567713600,1567717199,0.3608,0.373,0.3608,0.373,42894
1567717200,1567720799,0.3726,0.3826,0.37,0.3705,99443
1567720800,1567724399,0.3706,0.3706,0.3663,0.3663,3751
1567724400,1567727999,0.3663,0.3957,0.3663,0.3857,173683
1567728000,1567731599,0.3883,0.4199,0.386,0.4147,438318
1567731600,1567735199,0.4107,0.4107,0.3926,0.3989,100623
1567735200,1567738799,0.4004,0.4064,0.3929,0.3929,62194
1567738800,1567742399,0.3962,0.3966,0.3822,0.3842,54929
1567742400,1567745999,0.3838,0.3979,0.3829,0.3875,34594
1567746000,1567749599,0.386,0.3888,0.3768,0.3795,68462
1567749600,1567753199,0.378,0.383,0.376,0.38,18658
1567753200,1567756799,0.379,0.3806,0.3766,0.3806,16897
1567756800,1567760399,0.3775,0.3783,0.3761,0.3766,31520
1567760400,1567763999,0.3779,0.3798,0.3779,0.3798,17
1567764000,1567767599,0.3797,0.3877,0.3797,0.3843,11154
1567767600,1567771199,0.3845,0.3845,0.376,0.376,64800
1567771200,1567774799,0.376,0.376,0.3716,0.3736,26335
1567774800,1567778399,0.372,0.3721,0.3681,0.3681,22660
1567778400,1567781999,0.3681,0.3681,0.3643,0.3643,43361
1567782000,1567785599,0.3652,0.3653,0.3521,0.3521,160895
1567785600,1567789199,0.3521,0.364,0.35,0.3589,92206
1567789200,1567792799,0.3589,0.3681,0.3472,0.3491,113122
1567792800,1567796399,0.3539,0.3555,0.35,0.35,25951
1567796400,1567799999,0.3491,0.351,0.3475,0.349,19986
1567800000,1567803599,0.3491,0.3596,0.3449,0.3545,32037
1567803600,1567807199,0.3564,0.3586,0.3527,0.3544,21513
1567807200,1567810799,0.3525,0.3525,0.3479,0.3479,9767
1567810800,1567814399,0.3494,0.3494,0.3411,0.3475,31192
1567814400,1567817999,0.3456,0.346,0.3406,0.346,62972
1567818000,1567821599,0.3434,0.3455,0.3434,0.3455,1439
1567821600,1567825199,0.3436,0.3442,0.3415,0.3427,50662
1567825200,1567828799,0.342,0.342,0.341,0.341,1356
1567828800,1567832399,0.3432,0.3448,0.3432,0.3447,17831
1567832400,1567835999,0.3439,0.3449,0.3415,0.3415,18343
1567836000,1567839599,0.3432,0.3434,0.3432,0.3433,581
1567839600,1567843199,0.3435,0.345,0.3435,0.345,7046
1567843200,1567846799,0.345,0.345,0.3421,0.3421,13491
1567850400,1567853999,0.3417,0.3421,0.3407,0.3413,13749
1567854000,1567857599,0.3415,0.3457,0.3415,0.345,24717
1567857600,1567861199,0.3455,0.3455,0.3421,0.344,27962
1567861200,1567864799,0.344,0.3477,0.344,0.3472,17286
1567864800,1567868399,0.3507,0.3766,0.3507,0.3671,334755
1567868400,1567871999,0.3658,0.3662,0.3598,0.3632,914
1567872000,1567875599,0.3629,0.3629,0.3557,0.3574,27344
1567875600,1567879199,0.3569,0.366,0.3555,0.366,49589
1567879200,1567882799,0.3696,0.3766,0.3601,0.3664,72707
1567882800,1567886399,0.3699,0.3714,0.361,0.361,22054
1567886400,1567889999,0.3643,0.3662,0.36,0.3662,9415
1567890000,1567893599,0.3642,0.3644,0.3637,0.3644,10794
1567893600,1567897199,0.3668,0.3889,0.3668,0.381,91130
1567897200,1567900799,0.38,0.38,0.3694,0.3699,8879
1567900800,1567904399,0.3711,0.3796,0.3702,0.3722,23276
1567904400,1567907999,0.3686,0.3686,0.3634,0.3653,12196
1567908000,1567911599,0.3655,0.3754,0.3655,0.3691,53409
1567911600,1567915199,0.3677,0.3731,0.3677,0.373,39845
1567915200,1567918799,0.3706,0.3706,0.3664,0.3687,65524
1567918800,1567922399,0.3667,0.3674,0.366,0.366,563
1567922400,1567925999,0.3639,0.3664,0.3624,0.3637,9560
1567929600,1567933199,0.3622,0.3622,0.3583,0.3583,1118
1567940400,1567943999,0.3632,0.3632,0.3552,0.3587,51019
1567947600,1567951199,0.3597,0.3622,0.3577,0.3622,9045
1567951200,1567954799,0.359,0.3603,0.359,0.36,1615
1567954800,1567958399,0.3602,0.3688,0.3602,0.3665,54279
1567958400,1567961999,0.3716,0.3737,0.367,0.3676,11433
1567962000,1567965599,0.3676,0.3701,0.3666,0.369,11313
1567965600,1567969199,0.3672,0.3672,0.3634,0.3634,54789
1567969200,1567972799,0.3633,0.3633,0.3625,0.3625,257
1567972800,1567976399,0.3635,0.3716,0.3635,0.3715,18765
1567976400,1567979999,0.37,0.3703,0.3667,0.3667,7693
1567980000,1567983599,0.3635,0.3679,0.3635,0.3679,75
1567983600,1567987199,0.3678,0.3857,0.3678,0.3846,41856
1567987200,1567990799,0.3842,0.391,0.3776,0.3882,97929
1567990800,1567994399,0.388,0.3898,0.378,0.378,29830
1567994400,1567997999,0.3791,0.3803,0.3702,0.3702,34321
1567998000,1568001599,0.3688,0.3731,0.368,0.3713,32874
1568001600,1568005199,0.3701,0.3704,0.3669,0.3669,11859
1568005200,1568008799,0.3655,0.3655,0.3621,0.3621,19049
1568008800,1568012399,0.36,0.36,0.358,0.358,43491
1568012400,1568015999,0.3573,0.3604,0.3555,0.3604,18618
1568016000,1568019599,0.3566,0.3566,0.3546,0.3546,9036
1568019600,1568023199,0.3578,0.3592,0.3565,0.3592,10872
1568023200,1568026799,0.3596,0.3665,0.3596,0.3665,10573
1568026800,1568030399,0.3674,0.3734,0.366,0.366,14236
1568030400,1568033999,0.3652,0.3743,0.365,0.3734,28774
1568034000,1568037599,0.3715,0.3715,0.3683,0.37,7672
1568037600,1568041199,0.371,0.372,0.371,0.372,12100
1568041200,1568044799,0.3727,0.3736,0.3688,0.3688,4402
1568044800,1568048399,0.3683,0.3683,0.3637,0.3647,6414
1568048400,1568051999,0.3656,0.3703,0.3656,0.3693,11454
1568052000,1568055599,0.3694,0.3695,0.3621,0.3631,4779
1568055600,1568059199,0.3627,0.364,0.3621,0.364,7432
1568059200,1568062799,0.3636,0.3652,0.3613,0.3652,9553
1568062800,1568066399,0.3635,0.3635,0.3635,0.3635,174
1568066400,1568069999,0.3656,0.3659,0.3639,0.3643,6933
1568070000,1568073599,0.3646,0.3689,0.3642,0.3689,2623
1568073600,1568077199,0.3675,0.3678,0.3662,0.3662,4832
1568077200,1568080799,0.3662,0.3679,0.3633,0.3671,12765
1568080800,1568084399,0.3679,0.3707,0.3678,0.3699,10273
1568084400,1568087999,0.3709,0.3737,0.3709,0.3737,12850
1568088000,1568091599,0.3695,0.3695,0.3662,0.3678,8868
1568091600,1568095199,0.3683,0.3684,0.3683,0.3684,655
1568095200,1568098799,0.3669,0.37,0.3669,0.37,4961
1568098800,1568102399,0.3703,0.3743,0.3703,0.3734,7113
1568102400,1568105999,0.3733,0.3816,0.3721,0.3797,21160
1568106000,1568109599,0.3787,0.3828,0.3745,0.3802,40354
1568109600,1568113199,0.3802,0.384,0.3802,0.384,14598
1568113200,1568116799,0.3837,0.3895,0.3815,0.3817,51924
1568116800,1568120399,0.382,0.3836,0.3784,0.3836,75495
1568120400,1568123999,0.3875,0.3935,0.3825,0.384,21605
1568124000,1568127599,0.3858,0.3858,0.3769,0.377,108738
1568127600,1568131199,0.3767,0.3817,0.3739,0.3739,37122
1568131200,1568134799,0.3776,0.3819,0.3775,0.3775,8532
1568134800,1568138399,0.3752,0.3752,0.3729,0.3729,24925
1568138400,1568141999,0.3747,0.3867,0.3747,0.3761,58074
1568142000,1568145599,0.3761,0.3764,0.3628,0.3628,64081
1568145600,1568149199,0.363,0.3687,0.3628,0.3672,10014
1568149200,1568152799,0.3677,0.37,0.3677,0.37,3264
1568152800,1568156399,0.3716,0.3716,0.3702,0.3703,19209
1568156400,1568159999,0.3684,0.3684,0.3652,0.3655,1288
1568160000,1568163599,0.3671,0.3676,0.3655,0.3676,4538
1568163600,1568167199,0.368,0.3809,0.367,0.367,21967
1568167200,1568170799,0.3668,0.3707,0.3667,0.3707,44216
1568170800,1568174399,0.3708,0.3727,0.3708,0.3708,22652
1568174400,1568177999,0.368,0.368,0.3657,0.3665,2183
1568178000,1568181599,0.3665,0.3665,0.3601,0.3601,27651
1568181600,1568185199,0.36,0.36,0.3498,0.3519,66282
1568185200,1568188799,0.3541,0.3541,0.3503,0.3524,55781
1568188800,1568192399,0.3528,0.3528,0.343,0.3477,68679
1568192400,1568195999,0.3491,0.3501,0.3439,0.3476,27323
1568196000,1568199599,0.3475,0.3576,0.3475,0.3555,21009
1568199600,1568203199,0.3552,0.3552,0.3479,0.3521,31894
1568203200,1568206799,0.3496,0.3496,0.3425,0.3482,79000
1568206800,1568210399,0.3486,0.3509,0.3455,0.3477,20023
1568210400,1568213999,0.3464,0.347,0.3462,0.3469,5493
1568214000,1568217599,0.3482,0.3487,0.3451,0.3451,12613
1568217600,1568221199,0.3451,0.3466,0.3428,0.3453,14125
1568221200,1568224799,0.3459,0.3467,0.3445,0.3445,28028
1568224800,1568228399,0.3455,0.3499,0.3449,0.3471,4324
1568228400,1568231999,0.3465,0.3474,0.3452,0.3452,1958
1568232000,1568235599,0.3445,0.3461,0.3445,0.3451,4596
1568235600,1568239199,0.3451,0.3458,0.3446,0.3454,20092
1568239200,1568242799,0.3465,0.3467,0.3446,0.3457,11798
1568242800,1568246399,0.3465,0.3489,0.3465,0.3489,1365
1568246400,1568249999,0.3482,0.3482,0.3461,0.3461,4233
1568250000,1568253599,0.346,0.3466,0.3401,0.3401,12477
1568253600,1568257199,0.3401,0.3414,0.333,0.3346,88684
1568257200,1568260799,0.3347,0.3367,0.322,0.3251,251077
1568260800,1568264399,0.3252,0.3274,0.3237,0.3274,62609
1568264400,1568267999,0.3263,0.3263,0.3217,0.3223,38996
1568268000,1568271599,0.3221,0.3256,0.317,0.317,61666
1568271600,1568275199,0.3149,0.3199,0.3093,0.3199,101575
1568275200,1568278799,0.3202,0.3214,0.3136,0.3186,9352
1568282400,1568285999,0.3189,0.3497,0.3172,0.3497,37465
1568286000,1568289599,0.3209,0.3215,0.3194,0.3198,20826
1568289600,1568293199,0.3217,0.3264,0.3217,0.3264,23008
1568293200,1568296799,0.3259,0.3262,0.324,0.3259,11717
1568296800,1568300399,0.3241,0.3241,0.3208,0.3208,16872
1568300400,1568303999,0.32,0.3209,0.3158,0.3209,32482
1568304000,1568307599,0.3201,0.3233,0.32,0.3233,12238
1568307600,1568311199,0.324,0.3251,0.3189,0.3206,78332
1568311200,1568314799,0.3198,0.3228,0.3193,0.3228,6487
1568314800,1568318399,0.3222,0.3295,0.3195,0.3212,25765
1568318400,1568321999,0.3221,0.3253,0.3221,0.3224,30415
1568322000,1568325599,0.322,0.322,0.3204,0.3204,1033
1568325600,1568329199,0.3207,0.324,0.3185,0.3185,63949
1568332800,1568336399,0.3205,0.3212,0.3199,0.3204,8467
1568336400,1568339999,0.3219,0.3242,0.3219,0.3233,8381
1568340000,1568343599,0.325,0.343,0.325,0.343,68692
1568343600,1568347199,0.343,0.3453,0.3289,0.3367,167491
1568347200,1568350799,0.337,0.3376,0.3282,0.329,89590
1568350800,1568354399,0.3291,0.3323,0.3291,0.3296,23606
1568354400,1568357999,0.3296,0.3298,0.3231,0.3262,25545
1568358000,1568361599,0.3264,0.3265,0.3235,0.3244,3544
1568361600,1568365199,0.3238,0.3267,0.3231,0.3267,4404
1568365200,1568368799,0.3258,0.3274,0.3258,0.3266,4362
1568368800,1568372399,0.3254,0.3254,0.3253,0.3253,1986
1568372400,1568375999,0.328,0.3289,0.328,0.3289,5662
1568376000,1568379599,0.3283,0.3283,0.327,0.327,1863
1568379600,1568383199,0.327,0.327,0.3243,0.3243,21447
1568383200,1568386799,0.3237,0.325,0.3219,0.325,18804
1568386800,1568390399,0.3254,0.3281,0.3253,0.3253,925
1568390400,1568393999,0.3259,0.3259,0.3214,0.3214,15708
1568394000,1568397599,0.321,0.3216,0.316,0.3165,68737
1568397600,1568401199,0.3173,0.3175,0.3158,0.3164,24260
1568401200,1568404799,0.3159,0.3172,0.3146,0.315,25988
1568404800,1568408399,0.3134,0.3142,0.309,0.3142,42711
1568408400,1568411999,0.3149,0.317,0.3149,0.317,4616
1568412000,1568415599,0.3171,0.3204,0.3171,0.3204,9008
1568415600,1568419199,0.3187,0.3194,0.3187,0.3193,915
1568422800,1568426399,0.3172,0.3187,0.3172,0.3187,7664
1568426400,1568429999,0.3181,0.3181,0.3161,0.3161,224
1568430000,1568433599,0.316,0.3192,0.3155,0.3192,5457
1568437200,1568440799,0.3166,0.3184,0.3164,0.3177,533
1568440800,1568444399,0.3161,0.3161,0.311,0.311,2073
1568444400,1568447999,0.3113,0.317,0.3113,0.3164,41447
1568448000,1568451599,0.3163,0.3172,0.3135,0.3142,53348
1568451600,1568455199,0.3132,0.3166,0.3132,0.3166,3549
1568455200,1568458799,0.3165,0.3181,0.3165,0.3181,3602
1568458800,1568462399,0.318,0.318,0.318,0.318,235
1568462400,1568465999,0.3158,0.3158,0.3158,0.3158,45
1568466000,1568469599,0.3162,0.3178,0.3137,0.3178,33566
1568469600,1568473199,0.3179,0.3222,0.3179,0.3204,15341
1568473200,1568476799,0.3209,0.3209,0.3196,0.3199,3247
1568476800,1568480399,0.319,0.3195,0.3169,0.3184,13236
1568480400,1568483999,0.3181,0.3216,0.3181,0.3206,40007
1568484000,1568487599,0.3201,0.3201,0.3184,0.3194,19939
1568487600,1568491199,0.3185,0.3229,0.3184,0.3229,14281
